Player,League,Understat minutes,FotMob minutes,xG/90,xA/90,Expected contribution/90,Successful dribbles/90,Chances created/90,Defensive actions/90,Recoveries/90,Possession won final third/90,Attacking Profile,Meets goal-threat threshold,Meets chance-creation threshold,Meets 1v1 threshold,Meets defensive baseline,Meets recovery baseline,Meets pressing baseline,Age,Current club,Contract expiry,Market value,Performance Fit,Tactical Fit,Main Risk,Key Unknown,Recruitment Question,Investigation Status
Antonio Nusa,Bundesliga,2048.0,2035.0,0.22870194239658304,0.20867558100690076,0.4373775234034838,3.0,1.4594594594594597,1.9,4.3,0.4,Creator,False,True,True,True,True,False,21,rb leipzig,2029-06-30,32000000,"Strong 1v1 and chance-creation output, but below the high-performance xG threshold.","Wide-to-inside attacker who contributes through 1v1 actions, movement and chance creation within a high/wide role.",Lower goal threat and dependence on his current tactical structure.,Whether his creative and 1v1 output transfers effectively to a different attacking structure.,How transferable are Nusa's strengths outside Leipzig's current tactical structure?,Deep Investigation Complete
Said El Mala,Bundesliga,1965.0,1957.0,0.5763089559858536,0.1917356630886784,0.768044619074532,2.0,0.9657639243740419,1.7,2.9,1.0,Goal-Focused Attacker,True,False,True,False,False,True,19,1 fc koln,2031-06-30,45000000,"Strong goal threat and 1v1 output, with high xG/90 and frequent movement into attacking spaces.","Left-sided attacker who moves inside, attacks space and uses pace and 1v1 ability to threaten in transition.",Limited defensive contribution and creation is secondary to his goal-focused profile.,Whether he can maintain his goal threat against settled defenses and within a different tactical structure.,Can El Mala maintain his goal threat against settled defenses and within a different tactical structure?,Deep Investigation Complete
Samuel Mbangula,Bundesliga,1160.0,1170.0,0.1425007853881809,0.08045167842044912,0.22295246380863,2.3,1.076923076923077,1.8,4.8,0.4,Lower Attacking Output,False,False,True,False,True,False,22,bologna fc 1909,2027-06-30,8000000,,,,,,
Arijon Ibrahimovic,Bundesliga,2196.0,2181.0,0.23220186053057673,0.2773737874584364,0.5095756479890131,0.9,2.3108665749656123,3.4,5.3,0.5,Creator,False,True,False,True,True,True,20,fc augsburg,2027-06-30,10000000,"Strong chance-creation output through passing, crosses and movement, but below the high-performance goal-threat reference.","Central/wide creator who contributes through passing, crosses, movement and advanced pressing.",Lower goal threat and limited reliance on individual 1v1 ability.,Whether his creative value can translate to a role requiring greater goal threat.,Can Ibrahimovic's creative value translate into a system requiring greater goal threat?,Deep Investigation Complete
Joel Roca,LaLiga,1463.0,1469.0,0.2779398376716687,0.12002302882448096,0.39796286649614965,2.3,0.9802586793737236,2.5,3.9,0.3,Goal-Focused / Low Creation,True,False,True,True,True,False,21,olympiacos piraeus,2029-06-30,6000000,"Strong goal threat and movement into scoring areas, while chance creation and pressing remain below baseline.","Wide attacker who moves inside, attacks goal areas and provides defensive support and transition involvement.",Lower chance creation and below-baseline pressing.,Whether he can maintain his goal threat when transition space is limited.,Can Roca maintain his goal threat when there is less transition space?,Deep Investigation Complete
Williot Swedberg,LaLiga,1237.0,1268.0,0.37748608644825854,0.14439553963494764,0.5218816260832062,0.7,0.7097791798107255,2.9,2.2,0.5,Goal-Focused / Low Creation,True,False,False,True,False,True,22,celta de vigo,2029-06-30,20000000,,,,,,
 Oso,LaLiga,1397.0,1409.0,0.09604481544209618,0.13634073706017108,0.23238555250226728,1.1,1.3413768630234209,3.4,3.4,0.3,Lower Attacking Output,False,False,False,True,True,False,22,rc strasbourg alsace,2031-06-30,10000000,,,,,,
Alberto Moleiro,LaLiga,2535.0,2490.0,0.19932833496900002,0.2051293914311031,0.40445772640010313,1.2,1.3373493975903614,2.1,4.0,0.5,Creator / Low Goal Threat,False,True,False,True,True,True,22,villarreal cf,2030-06-30,50000000,"Strong chance-creation output and positional contribution, below the high-performance goal-threat reference and the supporting 1v1 threshold.","Left-sided creator who moves between wide and central areas and contributes through movement, passing and pressing.",Lower goal threat and limited 1v1 output.,How effectively his creation-oriented profile translates to another attacking structure.,How effectively would Moleiro's creation-oriented profile translate into our club's attacking structure?,Deep Investigation Complete
Jan Virgili,LaLiga,1807.0,1797.0,0.12916161526689293,0.1877932792233626,0.31695489449025555,2.5,1.5025041736227045,1.7,3.4,0.9,Creator / Low Goal Threat,False,False,True,False,True,True,19,club brugge kv,2031-06-30,15000000,,,,,,
